,id,name,type,seasons,country
0,4,Euro Championship,Cup,"['2008', '2012', '2016', '2020']",WOR
1,21,Confederations Cup,Cup,"['2009', '2013', '2017']",WOR
2,61,Ligue 1,League,"['2010', '2011', '2012', '2013', '2014', '2015', '2016', '2017', '2018', '2019', '2020', '2021']",FRA
3,144,Jupiler Pro League,League,"['2010', '2011', '2012', '2013', '2014', '2015', '2016', '2017', '2018', '2019', '2020', '2021']",BEL
4,71,Serie A,League,"['2010', '2011', '2012', '2013', '2014', '2015', '2016', '2017', '2018', '2019', '2020', '2021', '2022']",BRA
5,39,Premier League,League,"['2010', '2011', '2012', '2013', '2014', '2015', '2016', '2017', '2018', '2019', '2020', '2021']",ENG
6,78,Bundesliga 1,League,"['2010', '2011', '2012', '2013', '2014', '2015', '2016', '2017', '2018', '2019', '2020', '2021']",GER
7,135,Serie A,League,"['2010', '2011', '2012', '2013', '2014', '2015', '2016', '2017', '2018', '2019', '2020', '2021']",ITA
8,88,Eredivisie,League,"['2010', '2011', '2012', '2013', '2014', '2015', '2016', '2017', '2018', '2019', '2020', '2021']",NET
9,94,Primeira Liga,League,"['2010', '2011', '2012', '2013', '2014', '2015', '2016', '2017', '2018', '2019', '2020', '2021']",POR
10,140,La Liga,League,"['2010', '2011', '2012', '2013', '2014', '2015', '2016', '2017', '2018', '2019', '2020', '2021']",SPA
11,179,Premiership,League,"['2010', '2011', '2012', '2013', '2014', '2015', '2016', '2017', '2018', '2019', '2020', '2021']",SCO
12,180,Championship,League,"['2010', '2011', '2012', '2013', '2014', '2015', '2016', '2017', '2018', '2019', '2020', '2021']",SCO
13,1,World Cup,Cup,"['2010', '2014', '2018']",WOR
14,803,Asian Games,Cup,"['2010', '2014', '2018']",WOR
15,804,Caribbean Cup,Cup,"['2010', '2012', '2014', '2016']",WOR
16,62,Ligue 2,League,"['2010', '2011', '2012', '2013', '2014', '2015', '2016', '2017', '2018', '2019', '2020', '2021']",FRA
17,2,UEFA Champions League,Cup,"['2011', '2012', '2013', '2014', '2015', '2016', '2017', '2018', '2019', '2020', '2021']",WOR
18,311,1st Division,League,"['2011', '2012', '2013', '2014', '2015', '2016', '2017', '2018', '2019', '2020', '2021']",ALB
19,310,Superliga,League,"['2011', '2012', '2013', '2014', '2015', '2017', '2018', '2019', '2020', '2021']",ALB
20,186,Ligue 1,League,"['2011', '2012', '2013', '2014', '2015', '2016', '2017', '2018', '2019', '2020', '2021']",ALG
21,187,Ligue 2,League,"['2011', '2012', '2013', '2014', '2015', '2016', '2017', '2018', '2019', '2020', '2021']",ALG
22,586,West Bank Premier League,League,"['2011', '2012', '2013', '2014', '2015', '2016', '2017', '2018', '2019', '2020', '2021']",PAL
23,588,National League,League,"['2011', '2012', '2013', '2014', '2015', '2016', '2017', '2018', '2019', '2020']",MYA
24,591,Pro League,League,"['2011', '2012', '2013', '2014', '2015', '2016', '2017', '2018', '2019']",TRI
25,335,Cup,Cup,"['2011', '2012', '2013', '2014', '2015', '2016', '2017', '2018', '2019', '2020', '2021']",UKR
26,336,Druha Liga - Group A,League,"['2011', '2012', '2013', '2014', '2015', '2016', '2017', '2018', '2019', '2020', '2021']",UKR
27,334,Persha Liga,League,"['2011', '2012', '2013', '2014', '2015', '2016', '2017', '2018', '2019', '2020', '2021']",UKR
28,333,Premier League,League,"['2011', '2012', '2013', '2014', '2015', '2016', '2017', '2018', '2019', '2020', '2021']",UKR
29,301,Arabian Gulf League,League,"['2011', '2012', '2013', '2014', '2015', '2016', '2017', '2018', '2019', '2020', '2021']",UNI
30,303,Division 1,League,"['2011', '2012', '2013', '2014', '2015', '2016', '2017', '2018', '2019', '2020', '2021']",UNI
31,302,League Cup,Cup,"['2011', '2012', '2013', '2014', '2015', '2016', '2017', '2018', '2019', '2020', '2021']",UNI
32,269,Segunda Division,League,"['2011', '2012', '2013', '2014', '2015', '2016', '2017', '2018', '2019', '2020', '2021']",URU
33,202,Ligue Professionnelle 1,League,"['2011', '2012', '2013', '2014', '2015', '2016', '2017', '2018', '2019', '2020', '2021']",TUN
34,203,Super Lig,League,"['2011', '2012', '2013', '2014', '2015', '2016', '2017', '2018', '2019', '2020', '2021']",TUR
35,204,TFF 1. Lig,League,"['2011', '2012', '2013', '2014', '2015', '2016', '2017', '2018', '2019', '2020', '2021']",TUR
36,205,TFF 2. Lig,League,"['2011', '2012', '2013', '2014', '2015', '2016', '2017', '2018', '2019', '2020', '2021']",TUR
37,206,Cup,Cup,"['2011', '2012', '2013', '2014', '2015', '2016', '2017', '2018', '2019', '2020', '2021']",TUR
38,552,3. Lig - Group 1,League,"['2011', '2012', '2013', '2014', '2015', '2016', '2017', '2018', '2019', '2020', '2021']",TUR
39,553,3. Lig - Group 2,League,"['2011', '2012', '2013', '2014', '2015', '2016', '2017', '2018', '2019', '2020', '2021']",TUR
40,554,3. Lig - Group 3,League,"['2011', '2012', '2013', '2014', '2015', '2016', '2017', '2018', '2019', '2020', '2021']",TUR
41,63,National,League,"['2011', '2012', '2013', '2014', '2015', '2016', '2017', '2018', '2019', '2020', '2021']",FRA
42,66,Coupe de France,Cup,"['2011', '2012', '2013', '2014', '2015', '2016', '2017', '2018', '2019', '2020', '2021']",FRA
43,65,Coupe de la Ligue,Cup,"['2011', '2012', '2013', '2014', '2015', '2016', '2017', '2018', '2019']",FRA
44,67,National 2 - Group A,League,"['2011', '2012', '2013', '2014', '2015', '2016', '2017', '2018', '2019', '2020', '2021']",FRA
45,68,National 2 - Group B,League,"['2011', '2012', '2013', '2014', '2015', '2016', '2017', '2018', '2019', '2020', '2021']",FRA
46,69,National 2 - Group C,League,"['2011', '2012', '2013', '2014', '2015', '2016', '2017', '2018', '2019', '2020', '2021']",FRA
47,70,National 2 - Group D,League,"['2011', '2012', '2013', '2014', '2015', '2016', '2017', '2018', '2019', '2020', '2021']",FRA
48,233,Premier League,League,"['2011', '2012', '2013', '2014', '2015', '2016', '2017', '2018', '2019', '2020', '2021']",EGY
49,370,Primera Division,League,"['2011', '2012', '2013', '2014', '2015', '2016', '2017', '2018', '2019', '2020', '2021']",SAL
50,328,Esiliiga A,League,"['2011', '2012', '2013', '2014', '2015', '2016', '2017', '2018', '2019', '2020', '2021', '2022']",EST
51,329,Meistriliiga,League,"['2011', '2012', '2013', '2014', '2015', '2016', '2017', '2018', '2019', '2020', '2021', '2022']",EST
52,326,Erovnuli Liga 2,League,"['2011', '2012', '2013', '2014', '2015', '2016', '2017', '2018', '2019', '2020', '2021', '2022']",GEO
53,570,Premier League,League,"['2011', '2012', '2013', '2014', '2015', '2016', '2017', '2018', '2019', '2020', '2021']",GHA
54,377,Division d'Honneur,League,"['2011', '2012', '2013', '2014', '2015', '2016', '2017', '2018', '2019', '2020', '2021']",GUA
55,339,Liga Nacional,League,"['2011', '2012', '2013', '2014', '2015', '2016', '2017', '2018', '2019', '2020', '2021']",GUA
56,338,Primera Division,League,"['2011', '2012', '2013', '2014', '2015', '2016', '2017', '2018', '2019', '2020', '2021']",GUA
57,199,Cup,Cup,"['2011', '2012', '2013', '2014', '2015', '2016', '2017', '2018', '2019', '2020', '2021']",GRE
58,198,Football League,League,"['2011', '2012', '2013', '2014', '2015', '2016', '2017', '2018', '2019', '2020']",GRE
59,197,Super League,League,"['2011', '2012', '2013', '2014', '2015', '2016', '2017', '2018', '2019', '2020', '2021']",GRE
60,79,Bundesliga 2,League,"['2011', '2012', '2013', '2014', '2015', '2016', '2017', '2018', '2019', '2020', '2021']",GER
61,80,Liga 3,League,"['2011', '2012', '2013', '2014', '2015', '2016', '2017', '2018', '2019', '2020', '2021']",GER
62,529,Super Cup,Cup,"['2011', '2012', '2013', '2014', '2015', '2016', '2017', '2018', '2019', '2020', '2021']",GER
63,81,DFB Pokal,Cup,"['2011', '2012', '2013', '2014', '2015', '2016', '2017', '2018', '2019', '2020', '2021']",GER
64,7,Asian Cup,Cup,"['2011', '2015', '2019']",WOR
65,8,World Cup - Women,Cup,"['2011', '2015', '2019']",WOR
66,512,2nd Division - Group A,League,"['2011', '2012', '2013', '2014', '2015', '2016', '2017', '2018', '2019', '2020', '2021']",ALB
67,513,2nd Division - Group B,League,"['2011', '2012', '2013', '2014', '2015', '2016', '2017', '2018', '2019', '2020', '2021']",ALB
68,312,1a Divisió,League,"['2011', '2012', '2013', '2014', '2015', '2016', '2017', '2018', '2019', '2020', '2021']",AND
69,313,2a Divisió,League,"['2011', '2012', '2013', '2014', '2015', '2016', '2017', '2018', '2019', '2020', '2021']",AND
70,131,Primera B Metropolitana,League,"['2011', '2012', '2013', '2014', '2015', '2016', '2017', '2018', '2019', '2020', '2021', '2022']",ARG
71,129,Primera B Nacional,League,"['2011', '2012', '2013', '2014', '2015', '2016', '2017', '2018', '2019', '2020', '2021', '2022']",ARG
72,132,Primera C,League,"['2011', '2012', '2013', '2014', '2015', '2016', '2017', '2018', '2019', '2020', '2021', '2022']",ARG
73,133,Primera D,League,"['2011', '2012', '2013', '2014', '2015', '2016', '2017', '2018', '2019', '2020', '2021']",ARG
74,134,Torneo Federal A,League,"['2011', '2012', '2013', '2014', '2015', '2016', '2017', '2018', '2019', '2020', '2021']",ARG
75,188,A-League,League,"['2011', '2012', '2013', '2014', '2015', '2016', '2017', '2018', '2019', '2020', '2021']",AUS
76,191,Brisbane Premier League,League,"['2011', '2012', '2013', '2014', '2015', '2016', '2017', '2018', '2019', '2020', '2021']",AUS
77,193,Northern Territory Premier League,League,"['2011', '2012', '2013', '2014', '2015', '2016', '2017', '2018', '2019', '2020', '2021']",AUS
78,220,Cup,Cup,"['2011', '2012', '2013', '2014', '2015', '2016', '2017', '2018', '2019', '2020', '2021']",AUS
79,219,Erste Liga,League,"['2011', '2012', '2013', '2014', '2015', '2016', '2017', '2018', '2019', '2020', '2021']",AUS
80,218,Tipp3 Bundesliga,League,"['2011', '2012', '2013', '2014', '2015', '2016', '2017', '2018', '2019', '2020', '2021']",AUS
81,418,Birinci Dasta,League,"['2011', '2012', '2013', '2014', '2015', '2016', '2017', '2018', '2019', '2020', '2021']",AZE
82,419,Premyer Liqa,League,"['2011', '2012', '2013', '2014', '2015', '2016', '2017', '2018', '2019', '2020', '2021']",AZE
83,222,Regionalliga - Mitte,League,"['2011', '2012', '2013', '2014', '2015', '2016', '2017', '2018', '2019', '2020', '2021']",AUS
84,221,Regionalliga - Ost,League,"['2011', '2012', '2013', '2014', '2015', '2016', '2017', '2018', '2019', '2020', '2021']",AUS
85,223,Regionalliga - West,League,"['2011', '2012', '2013', '2014', '2015', '2016', '2017', '2018', '2019', '2020', '2021']",AUS
86,110,Premier,League,"['2011', '2012', '2013', '2014', '2015', '2016', '2017', '2018', '2019', '2020', '2021']",WAL
87,112,Welsh Cup,Cup,"['2011', '2012', '2013', '2014', '2015', '2016', '2017', '2018', '2019', '2021']",WAL
88,299,Primera Division,League,"['2011', '2012', '2013', '2014', '2015', '2016', '2017', '2018', '2019', '2020', '2021', '2022']",VEN
89,300,Segunda Division,League,"['2011', '2012', '2013', '2014', '2015', '2016', '2017', '2018', '2019', '2020', '2021']",VEN
90,406,Professional League,League,"['2011', '2012', '2013', '2014', '2015', '2016', '2017', '2018', '2019', '2020', '2021']",OMA
91,322,Premier League,League,"['2011', '2012', '2013', '2014', '2015', '2016', '2017', '2018', '2019', '2020', '2021']",JAM
92,387,Division 1,League,"['2011', '2012', '2013', '2014', '2015', '2016', '2017', '2018', '2019', '2021', '2022']",JOR
93,388,1. Division,League,"['2011', '2012', '2013', '2014', '2015', '2016', '2017', '2018', '2019', '2020', '2021']",KAZ
94,330,Premier League,League,"['2011', '2012', '2013', '2014', '2015', '2016', '2017', '2018', '2019', '2020', '2021']",KUW
95,119,Superligaen,League,"['2011', '2012', '2013', '2014', '2015', '2016', '2017', '2018', '2019', '2020', '2021']",DEN
96,120,Viasat Divisionen,League,"['2011', '2012', '2013', '2014', '2015', '2016', '2017', '2018', '2019', '2020', '2021']",DEN
97,124,Denmark Series - Group 1,League,"['2011', '2012', '2013', '2014', '2015', '2016', '2017', '2018', '2019', '2020', '2021']",DEN
98,125,Denmark Series - Group 2,League,"['2011', '2012', '2013', '2014', '2015', '2016', '2017', '2018', '2019', '2020', '2021']",DEN
99,126,Denmark Series - Group 3,League,"['2011', '2012', '2013', '2014', '2015', '2016', '2017', '2018', '2019', '2020', '2021']",DEN
100,234,Liga Nacional de Fútbol,League,"['2011', '2012', '2013', '2014', '2015', '2016', '2017', '2018', '2019', '2020', '2021']",HON
101,381,HKFA 1st Division,League,"['2011', '2012', '2013', '2014', '2015', '2016', '2017', '2018', '2019', '2020', '2021']",HON
102,380,Premier League,League,"['2011', '2012', '2013', '2014', '2015', '2016', '2017', '2018', '2019', '2020', '2021']",HON
103,273,Magyar Kupa,Cup,"['2011', '2012', '2013', '2014', '2015', '2016', '2017', '2018', '2019', '2020', '2021']",HUN
104,271,NB I,League,"['2011', '2012', '2013', '2014', '2015', '2016', '2017', '2018', '2019', '2020', '2021']",HUN
105,272,NB II,League,"['2011', '2012', '2013', '2014', '2015', '2016', '2017', '2018', '2019', '2020', '2021']",HUN
106,390,Premier League,League,"['2011', '2012', '2013', '2014', '2015', '2016', '2017', '2018', '2019', '2020', '2021']",LEB
107,261,National Division,League,"['2011', '2012', '2013', '2014', '2015', '2016', '2017', '2018', '2019', '2020', '2021']",LUX
108,306,2nd Division League,League,"['2011', '2012', '2013', '2014', '2015', '2016', '2017', '2018', '2019', '2020', '2021']",QAT
109,305,Stars League,League,"['2011', '2012', '2013', '2014', '2015', '2016', '2017', '2018', '2019', '2020', '2021']",QAT
110,40,Championship,League,"['2011', '2012', '2013', '2014', '2015', '2016', '2017', '2018', '2019', '2020', '2021']",ENG
111,46,EFL Trophy,Cup,"['2011', '2012', '2013', '2014', '2015', '2016', '2017', '2018', '2019', '2020', '2021']",ENG
112,45,FA Cup,Cup,"['2011', '2012', '2013', '2014', '2015', '2016', '2017', '2018', '2019', '2020', '2021']",ENG
113,47,FA Trophy,Cup,"['2011', '2012', '2013', '2014', '2015', '2016', '2017', '2018', '2019', '2020', '2021']",ENG
114,48,League Cup,Cup,"['2011', '2012', '2013', '2014', '2015', '2016', '2017', '2018', '2019', '2020', '2021']",ENG
115,43,National League,League,"['2011', '2012', '2013', '2014', '2015', '2016', '2017', '2018', '2019', '2020', '2021']",ENG
116,41,League One,League,"['2011', '2012', '2013', '2014', '2015', '2016', '2017', '2018', '2019', '2020', '2021']",ENG
117,42,League Two,League,"['2011', '2012', '2013', '2014', '2015', '2016', '2017', '2018', '2019', '2020', '2021']",ENG
118,568,Eerste Divisie,League,"['2011', '2012', '2013', '2014', '2015', '2016', '2017', '2018', '2019']",SUR
119,571,Vysshaya Liga,League,"['2011', '2012', '2013', '2014', '2015', '2016', '2017', '2018', '2019', '2020', '2021']",TAJ
120,15,FIFA Club World Cup,League,"['2011', '2013', '2014', '2015', '2016', '2017', '2019', '2020', '2021']",WOR
121,422,Premier League,League,"['2012', '2013', '2014', '2015', '2016', '2017', '2018', '2019', '2020']",BAR
122,480,Olympics Men,Cup,"['2012', '2016', '2020']",WOR
123,535,CECAFA Senior Challenge Cup,Cup,"['2012', '2013', '2015', '2017', '2019', '2021']",WOR
124,585,Premier League,League,"['2012', '2013', '2014', '2015', '2016', '2017', '2018', '2019', '2020', '2021']",UGA
125,598,Première Division,League,"['2012', '2013', '2014', '2015', '2016', '2017', '2019', '2020', '2021']",MAL
126,253,Major League Soccer,League,"['2012', '2013', '2014', '2015', '2016', '2017', '2018', '2019', '2020', '2021', '2022']",USA
127,257,US Open Cup,Cup,"['2012', '2013', '2014', '2015', '2016', '2017', '2018', '2019', '2020', '2022']",USA
128,268,Primera Division - Apertura,League,"['2012', '2013', '2014', '2015', '2016', '2017', '2018', '2019', '2020', '2021', '2022']",URU
129,270,Primera Division - Clausura,League,"['2012', '2013', '2014', '2015', '2016', '2017', '2018', '2019', '2020', '2021']",URU
130,369,Super League,League,"['2012', '2013', '2014', '2015', '2016', '2017', '2018', '2019', '2020', '2021']",UZB
131,296,Thai Premier League,League,"['2012', '2013', '2014', '2015', '2016', '2017', '2018', '2019', '2020', '2021']",THA
132,297,Thai League 2,League,"['2012', '2013', '2014', '2015', '2016', '2017', '2018', '2019', '2020', '2021']",THA
133,551,Super Cup,Cup,"['2012', '2013', '2014', '2015', '2016', '2017', '2018', '2019', '2020', '2021']",TUR
134,366,1. Deild,League,"['2012', '2013', '2014', '2015', '2016', '2017', '2018', '2019', '2020', '2021', '2022']",FAR
135,367,Meistaradeildin,League,"['2012', '2013', '2014', '2015', '2016', '2017', '2018', '2019', '2020', '2021', '2022']",FAR
136,245,Ykkonen,League,"['2012', '2013', '2014', '2015', '2016', '2017', '2018', '2019', '2020', '2021', '2022']",FIN
137,244,Veikkausliiga,League,"['2012', '2013', '2014', '2015', '2016', '2017', '2018', '2019', '2020', '2021']",FIN
138,246,Suomen Cup,Cup,"['2012', '2013', '2014', '2015', '2016', '2017', '2018', '2019', '2020', '2021', '2022']",FIN
139,247,Kakkonen - Lohko A,League,"['2012', '2013', '2014', '2015', '2016', '2017', '2018', '2019', '2020', '2021']",FIN
140,248,Kakkonen - Lohko B,League,"['2012', '2013', '2014', '2015', '2016', '2017', '2018', '2019', '2020', '2021']",FIN
141,249,Kakkonen - Lohko C,League,"['2012', '2013', '2014', '2015', '2016', '2017', '2018', '2019', '2020', '2021']",FIN
142,526,Trophée des Champions,Cup,"['2012', '2013', '2014', '2015', '2016', '2017', '2018', '2019', '2020', '2021']",FRA
143,242,Serie A,League,"['2012', '2013', '2014', '2015', '2016', '2017', '2018', '2019', '2020', '2021', '2022']",ECU
144,243,Serie B,League,"['2012', '2013', '2014', '2015', '2016', '2017', '2018', '2019', '2020', '2021']",ECU
145,539,Super Cup,Cup,"['2012', '2014', '2015', '2016', '2017', '2018', '2019', '2020']",EGY
146,397,Girabola,League,"['2012', '2013', '2014', '2015', '2016', '2017', '2018', '2018', '2019', '2020', '2021']",ANG
147,343,First League,League,"['2012', '2013', '2014', '2015', '2016', '2017', '2018', '2019', '2020', '2021']",ARM
148,342,Premier League,League,"['2012', '2013', '2014', '2015', '2016', '2017', '2018', '2019', '2020', '2021']",ARM
149,481,Northern NSW NPL,League,"['2012', '2013', '2014', '2015', '2016', '2017', '2018', '2019', '2020', '2021', '2022']",AUS
150,116,Vysshaya Liga,League,"['2012', '2013', '2014', '2015', '2016', '2017', '2018', '2019', '2020', '2021']",BEL
151,117,1. Division,League,"['2012', '2013', '2014', '2015', '2016', '2017', '2018', '2019', '2020', '2021']",BEL
152,118,2. Division,League,"['2012', '2013', '2014', '2015', '2016', '2017', '2018', '2019', '2020', '2021']",BEL
153,400,Super League,League,"['2012', '2013', '2014', '2015', '2016', '2017', '2018', '2019', '2020', '2021']",ZAM
154,340,V.League 1,League,"['2012', '2013', '2014', '2015', '2016', '2017', '2018', '2019', '2020', '2021', '2022']",VIE
155,102,Emperor Cup,Cup,"['2012', '2013', '2014', '2015', '2016', '2017', '2018', '2019', '2020', '2021']",JAP
156,101,J-League Cup,Cup,"['2012', '2013', '2014', '2015', '2016', '2017', '2018', '2019', '2020', '2021', '2022']",JAP
157,98,J. League Div.1,League,"['2012', '2013', '2014', '2015', '2016', '2017', '2018', '2019', '2020', '2021', '2022']",JAP
158,99,J. League Div.2,League,"['2012', '2013', '2014', '2015', '2016', '2017', '2018', '2019', '2020', '2021', '2022']",JAP
159,100,J. League Div.3,League,"['2012', '2013', '2014', '2015', '2016', '2017', '2018', '2019', '2020', '2021', '2022']",JAP
160,389,Premier League,League,"['2012', '2013', '2014', '2015', '2016', '2017', '2018', '2019', '2020', '2021', '2022']",KAZ
161,276,Premier League,League,"['2012', '2013', '2014', '2015', '2016', '2017', '2018', '2018', '2019', '2020', '2021']",KEN
162,121,DBU Pokalen,Cup,"['2012', '2013', '2014', '2015', '2016', '2017', '2018', '2019', '2020', '2021']",DEN
163,379,Ligue Haïtienne,League,"['2012', '2013', '2014', '2015', '2016', '2017', '2018', '2019', '2020', '2020']",HAI
164,364,1. Liga,League,"['2012', '2013', '2014', '2015', '2016', '2017', '2018', '2019', '2020', '2021']",LAT
165,365,Virsliga,League,"['2012', '2013', '2014', '2015', '2016', '2017', '2018', '2019', '2020', '2021', '2022']",LAT
166,361,1 Lyga,League,"['2012', '2013', '2014', '2015', '2016', '2017', '2018', '2019', '2020', '2021']",LIT
167,362,A Lyga,League,"['2012', '2013', '2014', '2015', '2016', '2017', '2018', '2019', '2020', '2021', '2022']",LIT
168,528,Community Shield,Cup,"['2012', '2013', '2014', '2015', '2016', '2017', '2018', '2019', '2020', '2021']",ENG
169,72,Serie B,League,"['2012', '2013', '2014', '2015', '2016', '2017', '2018', '2019', '2020', '2021', '2022']",BRA
170,75,Serie C,League,"['2012', '2013', '2014', '2015', '2016', '2017', '2018', '2019', '2020', '2021', '2022']",BRA
171,76,Serie D,League,"['2012', '2013', '2014', '2015', '2016', '2017', '2018', '2019', '2020', '2021', '2022']",BRA
172,505,League Cup,Cup,"['2013', '2014', '2015', '2016', '2017']",SIN
173,28,SAFF Championship,Cup,"['2013', '2015', '2018', '2021']",WOR
174,421,Division di Honor,League,"['2013', '2014', '2015', '2016', '2017', '2018', '2019', '2020', '2021']",ARU
175,420,Cup,Cup,"['2013', '2014', '2015', '2016', '2017', '2018', '2019', '2020', '2021']",AZE
176,298,FA Cup,Cup,"['2013', '2014', '2015', '2016', '2017', '2018', '2019', '2020', '2021']",THA
177,376,National Football League,League,"['2013', '2014', '2015', '2016', '2017', '2018', '2019', '2020', '2021', '2022']",FIJ
178,64,Feminine Division 1,League,"['2013', '2014', '2015', '2016', '2017', '2018', '2019', '2020', '2021']",FRA
179,3,UEFA Europa League,Cup,"['2014', '2015', '2016', '2017', '2018', '2019', '2020', '2021']",WOR
180,327,Erovnuli Liga,League,"['2014', '2015', '2016', '2017', '2018', '2019', '2020', '2021', '2022']",GEO
181,378,Ligue 1,League,"['2014', '2015', '2016', '2017', '2018', '2019', '2020', '2021']",GUI
182,520,Acreano,League,"['2014', '2015', '2016', '2017', '2018', '2019', '2020', '2021', '2022']",BRA
183,547,Super Cup,Cup,"['2014', '2015', '2016', '2018', '2019', '2020', '2021']",ITA
184,807,AFC Challenge Cup,Cup,['2014'],WOR
185,19,African Nations Championship,Cup,"['2014', '2016', '2018', '2020']",WOR
186,24,AFF Championship,Cup,"['2014', '2016', '2018', '2020']",WOR
187,37,World Cup - Qualification Intercontinental Play-offs,Cup,"['2014', '2018']",WOR
188,128,Primera Division,League,"['2015', '2016', '2017', '2018', '2019', '2020', '2021', '2022']",ARG
189,183,League One,League,"['2015', '2016', '2017', '2018', '2019', '2020', '2021']",SCO
190,184,League Two,League,"['2015', '2016', '2017', '2018', '2019', '2020', '2021']",SCO
191,22,CONCACAF Gold Cup,Cup,"['2015', '2017', '2019', '2021']",WOR
192,23,EAFF E-1 Football Championship,Cup,"['2015', '2017', '2019']",WOR
193,27,OFC Champions League,Cup,"['2015', '2016', '2017', '2018', '2019', '2020']",WOR
194,519,Super Cup,Cup,"['2015', '2016', '2017', '2018', '2019', '2020']",BEL
195,527,Super Cup,Cup,"['2015', '2016', '2017', '2018', '2019', '2020', '2021', '2022']",CHI
196,6,Africa Cup of Nations,Cup,"['2015', '2017', '2019', '2021']",WOR
197,9,Copa America,Cup,"['2015', '2016', '2019', '2021']",WOR
198,255,USL Championship,League,"['2015', '2016', '2017', '2018', '2019', '2020', '2021', '2022']",USA
199,363,Premier League,League,"['2015', '2016', '2017', '2018', '2019', '2020', '2021']",ETH
200,122,2nd Division - Group 1,League,"['2015', '2016', '2017', '2018', '2019', '2020', '2021']",DEN
201,123,2nd Division - Group 2,League,"['2015', '2016', '2017', '2018', '2019', '2020']",DEN
202,567,Ligi kuu Bara,League,"['2015', '2016', '2017', '2018', '2019', '2020', '2021']",TAN
203,555,Supercupa,Cup,"['2016', '2017', '2018', '2019', '2020', '2021']",ROM
204,556,Super Cup,Cup,"['2016', '2017', '2018', '2019', '2020', '2021']",SPA
205,497,Japan Football League,League,"['2016', '2017', '2018', '2019', '2020', '2021', '2022']",JAP
206,127,Denmark Series - Group 4,League,"['2016', '2017', '2018', '2019', '2020', '2021']",DEN
207,563,Ettan - Norra,League,"['2016', '2017', '2018', '2019', '2020', '2021', '2022']",SWE
208,564,Ettan - Södra,League,"['2016', '2017', '2018', '2019', '2020', '2021', '2022']",SWE
209,569,Premier League,League,"['2016', '2017', '2018', '2019', '2020', '2021']",KYR
210,141,Segunda Division,League,"['2016', '2017', '2018', '2019', '2020', '2021']",SPA
211,136,Serie B,League,"['2016', '2017', '2018', '2019', '2020', '2021']",ITA
212,103,Eliteserien,League,"['2016', '2017', '2018', '2019', '2020', '2021', '2022']",NOR
213,89,Eerste Divisie,League,"['2016', '2017', '2018', '2019', '2020', '2021']",NET
214,95,Liga de Honra,League,"['2016', '2017', '2018', '2019', '2020', '2021']",POR
215,113,Allsvenskan,League,"['2016', '2017', '2018', '2019', '2020', '2021', '2022']",SWE
216,162,Primera Division,League,"['2016', '2017', '2018', '2019', '2020', '2021']",COS
217,164,Premier,League,"['2016', '2017', '2018', '2019', '2020', '2021', '2022']",ICE
218,169,Super League,League,"['2016', '2017', '2018', '2019', '2020', '2021']",CHI
219,137,Coppa Italia,Cup,"['2016', '2017', '2018', '2019', '2020', '2021']",ITA
220,200,Botola Pro,League,"['2016', '2017', '2018', '2019', '2020', '2021']",MOR
221,207,Super League,League,"['2016', '2017', '2018', '2019', '2020', '2021']",SWI
222,210,Prva HNL,League,"['2016', '2017', '2018', '2019', '2020', '2021']",CRO
223,235,Premier League,League,"['2016', '2017', '2018', '2019', '2020', '2021']",RUS
224,239,Primera A,League,"['2016', '2017', '2018', '2019', '2020', '2021', '2022']",COL
225,250,Primera Division - Apertura,League,"['2016', '2017', '2018', '2019', '2020', '2021', '2022']",PAR
226,73,Copa Do Brasil,Cup,"['2016', '2017', '2018', '2019', '2020', '2021', '2022']",BRA
227,90,KNVB Beker,Cup,"['2016', '2017', '2018', '2019', '2020', '2021']",NET
228,145,2e Klasse,League,"['2016', '2017', '2018', '2019', '2020', '2021']",BEL
229,173,B PFG,League,"['2016', '2017', '2018', '2019', '2020', '2021']",BUL
230,170,League One,League,"['2016', '2017', '2018', '2019', '2020', '2021']",CHI
231,189,National Premier Leagues,League,"['2016', '2017', '2018', '2019', '2020', '2021', '2022']",AUS
232,240,Primera B,League,"['2016', '2017', '2018', '2019', '2020', '2021', '2022']",COL
233,211,Druga HNL,League,"['2016', '2017', '2018', '2019', '2020', '2021']",CRO
234,138,Serie C,League,"['2016', '2017', '2018', '2019', '2020', '2021']",ITA
235,146,Super League Women,League,"['2016', '2017', '2018', '2019', '2020', '2021']",BEL
236,74,Brasileiro Women,League,"['2016', '2017', '2018', '2019', '2020', '2021']",BRA
237,44,FA WSL,League,"['2016', '2017', '2018', '2019', '2020', '2021']",ENG
238,82,Women Bundesliga,League,"['2016', '2017', '2018', '2019', '2020', '2021']",GER
239,139,Serie A Women,League,"['2016', '2017', '2018', '2019', '2020', '2021']",ITA
240,91,Eredivisie Women,League,"['2016', '2017', '2018', '2019', '2020', '2021']",NET
241,142,Primera Division Women,League,"['2016', '2017', '2018', '2019', '2020', '2021']",SPA
242,130,Copa Argentina,Cup,"['2016', '2017', '2018', '2019', '2020', '2022']",ARG
243,190,W-League,League,"['2016', '2017', '2018', '2019', '2020', '2021']",AUS
244,236,Football National League,League,"['2016', '2017', '2018', '2019', '2020', '2021']",RUS
245,165,Division 1,League,"['2016', '2017', '2018', '2019', '2020', '2021', '2022']",ICE
246,251,Segunda Division,League,"['2016', '2017', '2018', '2019', '2020', '2021', '2022']",PAR
247,104,OBOS-ligaen,League,"['2016', '2017', '2018', '2019', '2020', '2021', '2022']",NOR
248,114,Superettan,League,"['2016', '2017', '2018', '2019', '2020', '2021', '2022']",SWE
249,208,Challenge League,League,"['2016', '2017', '2018', '2019', '2020', '2021']",SWI
250,262,Liga MX,League,"['2016', '2017', '2018', '2019', '2020', '2021']",MEX
251,263,Ascenso MX,League,"['2016', '2017', '2018', '2019', '2020', '2021']",MEX
252,259,Canadian Championship,Cup,"['2016', '2017', '2018', '2019', '2020', '2021']",CAN
253,278,Super League,League,"['2016', '2017', '2018', '2019', '2020', '2021', '2022']",MAL
254,279,Premier League,League,"['2016', '2017', '2018', '2019', '2020', '2021', '2022']",MAL
255,280,Football Championship,League,"['2016', '2017', '2018', '2019', '2020']",NEW
256,281,Primera Division,League,"['2016', '2017', '2018', '2019', '2020', '2021', '2022']",PER
257,282,Segunda Division,League,"['2016', '2017', '2018', '2019', '2020', '2021']",PER
258,283,Liga I,League,"['2016', '2017', '2018', '2019', '2020', '2021']",ROM
259,284,Liga II,League,"['2016', '2017', '2018', '2019', '2020', '2021']",ROM
260,286,Super Liga,League,"['2016', '2017', '2018', '2019', '2020', '2021']",SER
261,287,Prva Liga,League,"['2016', '2017', '2018', '2019', '2020', '2021']",SER
262,288,Premier Soccer League,League,"['2016', '2017', '2018', '2019', '2020', '2021']",SOU
263,289,1st Division,League,"['2016', '2017', '2018', '2019', '2020', '2021']",SOU
264,290,Persian Gulf Cup,League,"['2016', '2017', '2018', '2019', '2020', '2021']",IRA
265,291,Azadegan League,League,"['2016', '2017', '2018', '2019', '2020', '2021']",IRA
266,292,K-League Classic,League,"['2016', '2017', '2018', '2019', '2020', '2021', '2022']",SOU
267,293,K-League Challenge,League,"['2016', '2017', '2018', '2019', '2020', '2021', '2022']",SOU
268,307,Pro League,League,"['2016', '2017', '2018', '2019', '2020', '2021']",SAU
269,308,Division 1,League,"['2016', '2017', '2018', '2019', '2020', '2021']",SAU
270,309,Division 2,League,"['2016', '2017', '2018']",SAU
271,252,Primera Division - Clausura,League,"['2016', '2017', '2018', '2019', '2020', '2021', '2022']",PAR
272,166,Division 2,League,"['2016', '2017', '2018', '2019', '2020', '2021', '2022']",ICE
273,368,Premier League,League,"['2016', '2017', '2018', '2019', '2020', '2021', '2022']",SIN
274,314,Cup,Cup,"['2016', '2017', '2018', '2019', '2020', '2021']",BOS
275,315,Premijer Liga,League,"['2016', '2017', '2018', '2019', '2020', '2021']",BOS
276,371,First League,League,"['2016', '2017', '2018', '2019', '2020', '2021']",MAC
277,382,Liga Leumit,League,"['2016', '2017', '2018', '2019', '2020', '2021']",ISR
278,383,Ligat ha'Al,League,"['2016', '2017', '2018', '2019', '2020', '2021']",ISR
279,386,Ligue 1,League,"['2016', '2017', '2018', '2019', '2020', '2021']",IVO
280,392,First Division,League,"['2016', '2017', '2018', '2019', '2020', '2021']",MAL
281,393,Premier League,League,"['2016', '2017', '2018', '2019', '2020', '2021']",MAL
282,394,Divizia Națională,League,"['2016', '2017', '2018', '2019', '2020', '2021']",MOL
283,396,Primera Division,League,"['2016', '2017', '2018', '2019', '2020', '2021']",NIC
284,96,Taça de Portugal,Cup,"['2016', '2017', '2018', '2019', '2020', '2021']",POR
285,399,NPFL,League,"['2016', '2017', '2018', '2019', '2020', '2021', '2022']",NIG
286,401,Premier Soccer League,League,"['2016', '2017', '2018', '2019', '2021']",ZIM
287,402,Sudani Premier League,League,"['2016', '2017', '2018', '2019', '2019', '2020', '2021']",SUD
288,403,Ligue 1,League,"['2016', '2017', '2018', '2019', '2020', '2021']",SEN
289,404,Campionato,League,"['2016', '2017', '2018', '2019', '2020', '2021']",SAN
290,411,Elite ONE,League,"['2016', '2017', '2018', '2019', '2020', '2021']",CAM
291,410,C-League,League,"['2016', '2017', '2018', '2019', '2020', '2021']",CAM
292,417,Premier League,League,"['2016', '2017', '2018', '2019', '2020', '2021']",BAH
293,415,Championnat National,League,"['2016', '2018', '2019', '2020', '2021']",BEN
294,414,Premier League,League,"['2016', '2017', '2018', '2019', '2020', '2021']",BER
295,413,Super League,League,"['2016', '2017', '2018', '2019', '2020']",BHU
296,412,Premier League,League,"['2016', '2017', '2018', '2019', '2021']",BOT
297,398,Premier League,League,"['2016', '2017', '2019', '2020', '2021', '2022']",BAN
298,16,CONCACAF Champions League,Cup,"['2016', '2017', '2018', '2019', '2020', '2021', '2022']",WOR
299,17,AFC Champions League,Cup,"['2016', '2017', '2018', '2019', '2020', '2021', '2022']",WOR
300,25,Gulf Cup of Nations,Cup,"['2016', '2019']",WOR
301,26,International Champions Cup,Cup,"['2016', '2017', '2018', '2019']",WOR
302,317,1st League - RS,League,"['2016', '2017', '2018', '2019', '2020', '2021']",BOS
303,316,1st League - FBiH,League,"['2016', '2017', '2018', '2019', '2020', '2021']",BOS
304,295,National League,League,"['2016', '2017', '2018', '2019', '2020', '2021']",SOU
305,495,Hazfi Cup,Cup,"['2016', '2017', '2018', '2019', '2020', '2021']",IRA
306,496,Liga Alef,League,"['2016', '2017', '2018', '2019', '2020', '2021']",ISR
307,506,2. liga,League,"['2016', '2017', '2018', '2019', '2020', '2021']",SLO
308,514,Coupe Nationale,Cup,"['2016', '2017', '2018', '2019']",ALG
309,521,Amapaense,League,"['2016', '2017', '2018', '2019', '2020', '2021']",BRA
310,522,Amazonense,League,"['2016', '2017', '2018', '2019', '2020', '2021', '2022']",BRA
311,524,Olympics Women,Cup,"['2016', '2020']",WOR
312,531,UEFA Super Cup,Cup,"['2016', '2017', '2018', '2019', '2020', '2021']",WOR
313,543,Super Cup,Cup,"['2016', '2017', '2018', '2019', '2020']",NET
314,550,Super Cup,Cup,"['2016', '2017', '2018', '2019', '2020', '2021']",POR
315,592,Division 2 - Norra Götaland,League,"['2016', '2017', '2018', '2019', '2020', '2021', '2022']",SWE
316,593,Division 2 - Norra Svealand,League,"['2016', '2017', '2018', '2019', '2020', '2021', '2022']",SWE
317,594,Division 2 - Norrland,League,"['2016', '2017', '2018', '2019', '2020', '2021', '2022']",SWE
318,595,Division 2 - Södra Svealand,League,"['2016', '2017', '2018', '2019', '2020', '2021', '2022']",SWE
319,596,Division 2 - Västra Götaland,League,"['2016', '2017', '2018', '2019', '2020', '2021', '2022']",SWE
320,597,Division 2 - Östra Götaland,League,"['2016', '2017', '2018', '2019', '2020', '2021']",SWE
321,511,Cup,Cup,"['2016', '2017', '2018', '2019', '2020', '2021']",TUN
322,488,U19 Bundesliga,League,"['2016', '2017', '2018', '2019', '2020', '2021']",GER
323,805,Copa Centroamericana,Cup,['2016'],WOR
324,806,OFC Nations Cup,Cup,['2016'],WOR
325,827,Crown Prince Cup,Cup,['2017'],SAU
326,372,Second League,League,"['2017', '2018', '2019', '2020', '2021']",MAC
327,174,Cup,Cup,"['2017', '2018', '2019', '2020', '2021']",BUL
328,10,Friendlies,Cup,"['2017', '2018', '2019', '2020', '2021', '2022']",WOR
329,14,UEFA Youth League,League,"['2017', '2018', '2019', '2020', '2021']",WOR
330,18,AFC Cup,Cup,"['2017', '2018', '2019', '2020', '2021', '2022']",WOR
331,20,CAF Confederation Cup,Cup,"['2017', '2018', '2019', '2020', '2021']",WOR
332,38,UEFA U21 Championship,Cup,"['2017', '2021']",WOR
333,559,League Cup,Cup,"['2017', '2018', '2019', '2021']",NOR
334,560,Presidents Cup,Cup,"['2017', '2018', '2019', '2020', '2021']",UNI
335,561,Premier Intermediate League,League,"['2017', '2018', '2019', '2021']",NOR
336,407,Championship,League,"['2017', '2018', '2019', '2020', '2021']",NOR
337,408,Premiership,League,"['2017', '2018', '2019', '2020', '2021']",NOR
338,331,Division 1,League,"['2017', '2018', '2019', '2020', '2021']",KUW
339,584,Premier League,League,"['2017', '2018', '2019', '2021']",LIB
340,258,Canadian Soccer League,League,"['2017', '2018', '2019', '2020', '2021']",CAN
341,274,Super League,League,"['2017', '2018', '2019', '2020', '2021']",IND
342,304,Liga Panameña de Fútbol,League,"['2017', '2018', '2019', '2020', '2021', '2022']",PAN
343,589,Taiwan Football Premier League,League,"['2017', '2018', '2019', '2020', '2021']",CHI
344,766,China Cup,Cup,"['2017', '2018', '2019']",WOR
345,425,Premier League,League,"['2017', '2018', '2019', '2020', '2021']",SYR
346,77,Alagoano,Cup,"['2017', '2018', '2019', '2020', '2021', '2022']",BRA
347,337,Druha Liga - Group B,League,"['2017', '2018', '2019', '2020', '2021']",UKR
348,185,League Cup,Cup,"['2017', '2018', '2019', '2020', '2021']",SCO
349,490,World Cup - U20,Cup,"['2017', '2019']",WOR
350,492,Tweede Divisie,League,"['2017', '2018', '2019', '2020', '2021']",NET
351,498,Cup,Cup,"['2017', '2018', '2019', '2020', '2021']",KAZ
352,504,King's Cup,Cup,"['2017', '2018', '2019', '2020', '2021', '2022']",SAU
353,507,Cup,Cup,"['2017', '2018', '2019', '2020', '2021']",SOU
354,508,League Cup,Cup,"['2017', '2018', '2019']",SOU
355,510,1. Liga Promotion,League,"['2017', '2018', '2019', '2020', '2021']",SWI
356,149,Second Amateur Division - VFV A,League,"['2018', '2019', '2020', '2021']",BEL
357,150,Second Amateur Division - VFV B,League,"['2018', '2019', '2020', '2021']",BEL
358,151,Third Amateur Division - VFV A,League,"['2018', '2019', '2020', '2021']",BEL
359,152,Third Amateur Division - VFV B,League,"['2018', '2019', '2020', '2021']",BEL
360,175,Third League - Northeast,League,"['2018', '2019', '2020', '2021']",BUL
361,176,Third League - Northwest,League,"['2018', '2019', '2020', '2021']",BUL
362,177,Third League - Southeast,League,"['2018', '2019', '2020', '2021']",BUL
363,178,Third League - Southwest,League,"['2018', '2019', '2020', '2021']",BUL
364,49,National League - Play-offs,League,['2018'],ENG
365,491,Løgmanssteypid,Cup,"['2018', '2019', '2020', '2021']",FAR
366,493,UEFA U19 Championship,Cup,"['2018', '2019', '2020']",WOR
367,499,Malaysia Cup,Cup,"['2018', '2019', '2020', '2021']",MAL
368,516,Super Cup,Cup,"['2018', '2019']",ALG
369,537,CONCACAF U20,Cup,"['2018', '2020']",WOR
370,544,FA Cup,Cup,"['2018', '2020', '2021', '2022']",HON
371,545,AIFF Super Cup,Cup,"['2018', '2019']",IND
372,557,Super Cup,Cup,"['2018', '2019']",NOR
373,808,CONCACAF Nations League - Qualification,Cup,['2018'],WOR
374,373,1. SNL,League,"['2018', '2019', '2020', '2021']",SLO
375,374,2. SNL,League,"['2018', '2019', '2020', '2021']",SLO
376,391,Super League,League,"['2018', '2019', '2020']",MAL
377,143,Copa del Rey,Cup,"['2018', '2019', '2020', '2021']",SPA
378,405,National Soccer League,League,"['2018', '2019', '2020', '2021']",RWA
379,409,Premier League,League,['2018'],NAM
380,416,Premier League,League,"['2018', '2019', '2021']",BEL
381,212,Cup,Cup,"['2018', '2019', '2020', '2021']",CRO
382,384,State Cup,Cup,"['2018', '2019', '2020', '2021']",ISR
383,285,Cupa României,Cup,"['2018', '2019', '2020', '2021']",ROM
384,321,Cup,Cup,"['2018', '2019', '2020', '2021']",CYP
385,31,World Cup - Qualification CONCACAF,Cup,"['2018', '2022']",WOR
386,32,World Cup - Qualification Europe,Cup,"['2018', '2020']",WOR
387,33,World Cup - Qualification Oceania,Cup,"['2018', '2022']",WOR
388,34,World Cup - Qualification South America,Cup,"['2018', '2022']",WOR
389,29,World Cup - Qualification Africa,Cup,"['2018', '2022']",WOR
390,30,World Cup - Qualification Asia,Cup,"['2018', '2022']",WOR
391,718,Piala Indonesia,Cup,['2018'],IND
392,106,Ekstraklasa,League,"['2018', '2019', '2020', '2021']",POL
393,172,A PFG,League,"['2018', '2019', '2020', '2021']",BUL
394,5,UEFA Nations League,Cup,"['2018', '2020']",WOR
395,163,Liga De Ascenso,League,"['2018', '2019', '2020', '2021']",COS
396,111,Division 1,League,"['2018', '2019', '2021']",WAL
397,265,Primera Division,League,"['2018', '2019', '2020', '2021', '2022']",CHI
398,266,Primera B,League,"['2018', '2019', '2020', '2021', '2022']",CHI
399,277,Super League,League,['2018'],KEN
400,318,1. Division,League,"['2018', '2019', '2020', '2021']",CYP
401,319,2. Division,League,"['2018', '2019', '2020', '2021']",CYP
402,320,3. Division,League,"['2018', '2019', '2020', '2021']",CYP
403,201,Botola 2,League,"['2018', '2019', '2020', '2021']",MOR
404,323,Indian Super League,League,"['2018', '2019', '2020', '2021']",IND
405,324,I-League,League,"['2018', '2019', '2020', '2021']",IND
406,107,I Liga,League,"['2018', '2019', '2020', '2021']",POL
407,332,Super Liga,League,"['2018', '2019', '2020', '2021']",SLO
408,345,Czech Liga,League,"['2018', '2019', '2020', '2021']",CZE
409,346,FNL,League,"['2018', '2019', '2020', '2021']",CZE
410,355,First League,League,"['2018', '2019', '2020', '2021']",MON
411,356,Second League,League,"['2018', '2019', '2020', '2021']",MON
412,344,Primera División,League,"['2018', '2019', '2020', '2021', '2022']",BOL
413,256,USL League Two,League,"['2018', '2019', '2020', '2021']",USA
414,530,Super Cup,Cup,"['2018', '2019', '2020', '2021', '2022']",GEO
415,587,World Cup - U17,Cup,['2019'],WOR
416,590,A Division,League,"['2019', '2021']",NEP
417,599,1. Liga Classic - Group 1,League,"['2019', '2020', '2021']",SWI
418,600,1. Liga Classic - Group 2,League,"['2019', '2020', '2021']",SWI
419,601,1. Liga Classic - Group 3,League,"['2019', '2020', '2021']",SWI
420,613,Baiano - 2,League,"['2019', '2020', '2021']",BRA
421,620,Cearense - 2,League,"['2019', '2020', '2021']",BRA
422,625,Carioca - 2,League,"['2019', '2020', '2021']",BRA
423,633,NB III - Keleti,League,"['2019', '2020', '2021']",HUN
424,634,NB III - Nyugati,League,"['2019', '2020', '2021']",HUN
425,635,NB III - Közép,League,"['2019', '2020', '2021']",HUN
426,638,Elitedivisionen,League,"['2019', '2020', '2021']",DEN
427,642,Curaçao Sekshon Pagá,League,"['2019', '2020']",CUR
428,229,Landesliga - Steiermark,League,"['2019', '2020', '2021']",AUS
429,230,Landesliga - Tirol,League,"['2019', '2020', '2021']",AUS
430,231,Landesliga - Vorarlbergliga,League,"['2019', '2020', '2021']",AUS
431,232,Landesliga - Wien,League,"['2019', '2020', '2021']",AUS
432,148,Second Amateur Division - ACFF,League,"['2019', '2020', '2021']",BEL
433,153,Provincial - Antwerpen,League,"['2019', '2020', '2021']",BEL
434,154,Provincial - Brabant VFV,League,"['2019', '2020', '2021']",BEL
435,155,Provincial - Hainaut,League,"['2019', '2020', '2021']",BEL
436,156,Provincial - Liege,League,"['2019', '2020', '2021']",BEL
437,157,Provincial - Limburg,League,"['2019', '2020', '2021']",BEL
438,158,Provincial - Luxembourg,League,"['2019', '2020', '2021']",BEL
439,159,Provincial - Namur,League,"['2019', '2020', '2021']",BEL
440,160,Provincial - Oost-Vlaanderen,League,"['2019', '2020', '2021']",BEL
441,161,Provincial - West-Vlaanderen,League,"['2019', '2020', '2021']",BEL
442,423,1ere Division,League,"['2019', '2020', '2021']",BUR
443,424,Ligue 1,League,"['2019', '2020', '2021']",CON
444,213,3. HNL - Istok,League,"['2019', '2020', '2021']",CRO
445,214,3. HNL - Jug,League,"['2019', '2020', '2021']",CRO
446,215,3. HNL - Sjever,League,"['2019', '2020', '2021']",CRO
447,216,3. HNL - Sredite,League,"['2019', '2020', '2021']",CRO
448,217,3. HNL - Zapad,League,"['2019', '2020', '2021']",CRO
449,348,3. liga - CFL A,League,"['2019', '2020', '2021']",CZE
450,349,3. liga - MSFL,League,"['2019', '2020', '2021']",CZE
451,350,4. liga - Divizie A,League,"['2019', '2020', '2021']",CZE
452,351,4. liga - Divizie B,League,"['2019', '2020', '2021']",CZE
453,352,4. liga - Divizie C,League,"['2019', '2020', '2021']",CZE
454,353,4. liga - Divizie D,League,"['2019', '2020', '2021']",CZE
455,354,4. liga - Divizie E,League,"['2019', '2020', '2021']",CZE
456,50,National League - North,League,"['2019', '2020', '2021']",ENG
457,51,National League - South,League,"['2019', '2020', '2021']",ENG
458,52,Non League Div One - Isthmian North,League,"['2019', '2020', '2021']",ENG
459,53,Non League Div One - Isthmian South,League,"['2019', '2020', '2021']",ENG
460,54,Non League Div One - Northern North,League,"['2019', '2020']",ENG
461,55,Non League Div One - Northern South,League,"['2019', '2020']",ENG
462,56,Non League Div One - Southern Central,League,"['2019', '2020', '2021']",ENG
463,57,Non League Div One - Southern SW,League,"['2019', '2020', '2021']",ENG
464,58,Non League Premier - Isthmian,League,"['2019', '2020', '2021']",ENG
465,59,Non League Premier - Northern,League,"['2019', '2020', '2021']",ENG
466,60,Non League Premier - Southern,League,"['2019', '2020', '2021']",ENG
467,92,Derde Divisie - Saturday,League,"['2019', '2020', '2021']",NET
468,93,Derde Divisie - Sunday,League,"['2019', '2020', '2021']",NET
469,109,II Liga - East,League,"['2019', '2020', '2021']",POL
470,341,Cup,Cup,"['2019', '2020', '2021', '2022']",VIE
471,238,Youth Championship,League,"['2019', '2020', '2021']",RUS
472,83,Regionalliga - Bayern,League,"['2019', '2021']",GER
473,84,Regionalliga - Nord,League,"['2019', '2020', '2021']",GER
474,85,Regionalliga - Nordost,League,"['2019', '2020', '2021']",GER
475,86,Regionalliga - SudWest,League,"['2019', '2020', '2021']",GER
476,87,Regionalliga - West,League,"['2019', '2020', '2021']",GER
477,426,Serie D - Girone A,League,"['2019', '2021']",ITA
478,427,Serie D - Girone B,League,"['2019', '2021']",ITA
479,428,Serie D - Girone C,League,"['2019', '2021']",ITA
480,429,Serie D - Girone D,League,"['2019', '2021']",ITA
481,430,Serie D - Girone E,League,"['2019', '2021']",ITA
482,431,Serie D - Girone F,League,"['2019', '2021']",ITA
483,432,Serie D - Girone G,League,"['2019', '2021']",ITA
484,433,Serie D - Girone H,League,"['2019', '2021']",ITA
485,434,Serie D - Girone I,League,"['2019', '2021']",ITA
486,435,Primera División RFEF - Group 1,League,"['2019', '2020', '2021']",SPA
487,436,Primera División RFEF - Group 2,League,"['2019', '2020', '2021']",SPA
488,437,Primera División RFEF - Group 3,League,"['2019', '2020']",SPA
489,438,Primera División RFEF - Group 4,League,"['2019', '2020']",SPA
490,439,Tercera División RFEF - Group 1,League,"['2019', '2020', '2021']",SPA
491,440,Tercera División RFEF - Group 2,League,"['2019', '2020', '2021']",SPA
492,441,Tercera División RFEF - Group 3,League,"['2019', '2020', '2021']",SPA
493,442,Tercera División RFEF - Group 4,League,"['2019', '2020', '2021']",SPA
494,443,Tercera División RFEF - Group 5,League,"['2019', '2020', '2021']",SPA
495,444,Tercera División RFEF - Group 6,League,"['2019', '2020', '2021']",SPA
496,445,Tercera División RFEF - Group 7,League,"['2019', '2020', '2021']",SPA
497,446,Tercera División RFEF - Group 8,League,"['2019', '2020', '2021']",SPA
498,447,Tercera División RFEF - Group 9,League,"['2019', '2020', '2021']",SPA
499,448,Tercera División RFEF - Group 10,League,"['2019', '2020', '2021']",SPA
500,449,Tercera División RFEF - Group 11,League,"['2019', '2020', '2021']",SPA
501,450,Tercera División RFEF - Group 12,League,"['2019', '2020', '2021']",SPA
502,451,Tercera División RFEF - Group 13,League,"['2019', '2020', '2021']",SPA
503,452,Tercera División RFEF - Group 14,League,"['2019', '2020', '2021']",SPA
504,453,Tercera División RFEF - Group 15,League,"['2019', '2020', '2021']",SPA
505,454,Tercera División RFEF - Group 16,League,"['2019', '2020', '2021']",SPA
506,455,Tercera División RFEF - Group 17,League,"['2019', '2020', '2021']",SPA
507,456,Tercera División RFEF - Group 18,League,"['2019', '2020', '2021']",SPA
508,457,Campeonato de Portugal Prio - Group A,League,"['2019', '2020', '2021']",POR
509,458,Campeonato de Portugal Prio - Group B,League,"['2019', '2020', '2021']",POR
510,459,Campeonato de Portugal Prio - Group C,League,"['2019', '2020', '2021']",POR
511,460,Campeonato de Portugal Prio - Group D,League,"['2019', '2020', '2021']",POR
512,461,National 3 - Group A,League,"['2019', '2020', '2021']",FRA
513,462,National 3 - Group B,League,"['2019', '2020', '2021']",FRA
514,463,National 3 - Group C,League,"['2019', '2020', '2021']",FRA
515,464,National 3 - Group D,League,"['2019', '2020', '2021']",FRA
516,465,National 3 - Group E,League,"['2019', '2020', '2021']",FRA
517,466,National 3 - Group F,League,"['2019', '2020', '2021']",FRA
518,467,National 3 - Group H,League,"['2019', '2020', '2021']",FRA
519,468,National 3 - Group I,League,"['2019', '2020', '2021']",FRA
520,469,National 3 - Group J,League,"['2019', '2020', '2021']",FRA
521,470,National 3 - Group K,League,"['2019', '2020', '2021']",FRA
522,471,National 3 - Group L,League,"['2019', '2020', '2021']",FRA
523,472,National 3 - Group M,League,"['2019', '2020', '2021']",FRA
524,473,2. Division - Group 1,League,"['2019', '2020', '2021', '2022']",NOR
525,474,2. Division - Group 2,League,"['2019', '2020', '2021', '2022']",NOR
526,484,Frauenliga,League,"['2019', '2020', '2021']",AUS
527,485,King's Cup,Cup,"['2019', '2020', '2021']",BAH
528,486,Coppa,Cup,"['2019', '2020', '2021']",BEL
529,487,First Amateur Division,League,"['2019', '2020', '2021']",BEL
530,489,USL League One,League,"['2019', '2020', '2021', '2022']",USA
531,494,Super League 2,League,"['2019', '2020', '2021']",GRE
532,501,Copa Paraguay,Cup,"['2019', '2021']",PAR
533,502,Copa Bicentenario,Cup,"['2019', '2020']",PER
534,503,Copa Perú,Cup,"['2019', '2021']",PER
535,509,8 Cup,Cup,"['2019', '2020', '2021']",SOU
536,515,U21 League 1,League,"['2019', '2020', '2021']",ALG
537,517,Trofeo de Campeones de la Superliga,Cup,"['2019', '2021']",ARG
538,518,Reserve Pro League,League,"['2019', '2020', '2021']",BEL
539,523,NISA,League,"['2019', '2020', '2021', '2022']",USA
540,525,UEFA Champions League Women,Cup,"['2019', '2020', '2021']",WOR
541,533,CAF Super Cup,Cup,"['2019', '2020', '2021']",WOR
542,534,CONCACAF Caribbean Club Shield,Cup,"['2019', '2020', '2021']",WOR
543,546,FAI President's Cup,Cup,"['2019', '2020', '2021']",IRE
544,482,Queensland NPL,League,"['2019', '2020', '2021', '2022']",AUS
545,566,Ligue A,League,"['2019', '2020', '2021']",BUR
546,572,Srpska Liga - Belgrade,League,"['2019', '2020', '2021']",SER
547,573,Srpska Liga - Vojvodina,League,"['2019', '2020', '2021']",SER
548,574,Srpska Liga - East,League,"['2019', '2020', '2021']",SER
549,575,Srpska Liga - West,League,"['2019', '2020', '2021']",SER
550,576,Gamma Ethniki - Group 1,League,"['2019', '2020', '2021']",GRE
551,577,Gamma Ethniki - Group 2,League,"['2019', '2020', '2021']",GRE
552,578,Gamma Ethniki - Group 3,League,"['2019', '2020', '2021']",GRE
553,579,Gamma Ethniki - Group 4,League,"['2019', '2020', '2021']",GRE
554,580,Gamma Ethniki - Group 5,League,"['2019', '2020', '2021']",GRE
555,581,Gamma Ethniki - Group 6,League,"['2019', '2020', '2021']",GRE
556,582,Gamma Ethniki - Group 7,League,"['2019', '2020', '2021']",GRE
557,583,Gamma Ethniki - Group 8,League,"['2019', '2020']",GRE
558,254,NWSL Women,League,"['2019', '2020', '2021']",USA
559,260,Pacific Coast Soccer League,League,"['2019', '2020']",CAN
560,192,New South Wales NPL,League,"['2019', '2020', '2021', '2022']",AUS
561,194,South Australia NPL,League,"['2019', '2020', '2021', '2022']",AUS
562,195,Victoria NPL,League,"['2019', '2020', '2021', '2022']",AUS
563,196,Western Australia NPL,League,"['2019', '2020', '2021']",AUS
564,357,Premier Division,League,"['2019', '2020', '2021', '2022']",IRE
565,358,First Division,League,"['2019', '2020', '2021', '2022']",IRE
566,275,Liga 2,League,"['2019', '2020', '2021']",IND
567,395,Divizia A,League,"['2019', '2020', '2021']",MOL
568,267,Copa Chile,Cup,"['2019', '2020']",CHI
569,171,FA Cup,Cup,"['2019', '2020', '2021']",CHI
570,241,Copa Colombia,Cup,"['2019', '2020', '2021', '2022']",COL
571,147,Cup,Cup,"['2019', '2020', '2021']",BEL
572,167,Cup,Cup,"['2019', '2020', '2021', '2022']",ICE
573,168,League Cup,Cup,"['2019', '2020', '2021', '2022']",ICE
574,359,FAI Cup,Cup,"['2019', '2020', '2021']",IRE
575,360,League Cup,Cup,"['2019', '2020']",IRE
576,385,Toto Cup Ligat Al,Cup,"['2019', '2020', '2021']",ISR
577,264,Copa MX,Cup,['2019'],MEX
578,11,CONMEBOL Sudamericana,Cup,"['2019', '2020', '2021', '2022']",WOR
579,12,CAF Champions League,Cup,"['2019', '2020', '2021']",WOR
580,13,CONMEBOL Libertadores,Cup,"['2019', '2020', '2021', '2022']",WOR
581,209,Schweizer Pokal,Cup,"['2019', '2020', '2021']",SWI
582,115,Svenska Cupen,Cup,"['2019', '2020', '2021']",SWE
583,375,Cup,Cup,"['2019', '2020', '2021']",SLO
584,181,FA Cup,Cup,"['2019', '2020', '2021']",SCO
585,182,Challenge Cup,Cup,"['2019', '2021']",SCO
586,237,Cup,Cup,"['2019', '2020', '2021']",RUS
587,97,Taça da Liga,Cup,"['2019', '2020', '2021']",POR
588,108,Cup,Cup,"['2019', '2020', '2021']",POL
589,105,NM Cupen,Cup,"['2019', '2021']",NOR
590,294,FA Cup,Cup,"['2019', '2020', '2021', '2022']",SOU
591,325,Santosh Trophy,Cup,"['2019', '2020', '2021']",IND
592,347,Cup,Cup,"['2019', '2020', '2021']",CZE
593,35,Asian Cup - Qualification,Cup,"['2019', '2022']",WOR
594,224,Landesliga - Burgenland,League,"['2019', '2020', '2021']",AUS
595,225,Landesliga - Karnten,League,"['2019', '2020', '2021']",AUS
596,226,Landesliga - Niederosterreich,League,"['2019', '2020', '2021']",AUS
597,227,Landesliga - Oberosterreich,League,"['2019', '2020', '2021']",AUS
598,228,Landesliga - Salzburg,League,"['2019', '2020', '2021']",AUS
599,655,Copa Constitució,Cup,"['2019', '2020', '2021']",AND
600,664,Superliga,League,"['2019', '2020', '2021']",KOS
601,665,Cup,Cup,"['2019', '2020', '2021']",KOS
602,677,QSL Cup,Cup,"['2019', '2020', '2021']",QAT
603,698,FA Women's Cup,Cup,"['2019', '2020', '2021']",ENG
604,714,Cup,Cup,"['2019', '2020']",EGY
605,716,Senior Shield,Cup,['2019'],HON
606,768,Arab Club Champions Cup,Cup,['2019'],WOR
607,769,Premier League Asia Trophy,Cup,['2019'],WOR
608,770,Pacific Games,Cup,['2019'],WOR
609,772,Leagues Cup,Cup,"['2019', '2021']",WOR
610,773,Sudamericano U20,Cup,['2019'],WOR
611,644,3. liga - West,League,"['2020', '2021']",SLO
612,645,3. liga - East,League,"['2020', '2021']",SLO
613,646,3. liga - Center,League,"['2020', '2021']",SLO
614,647,Lao League,League,"['2020', '2021']",LAO
615,648,Tasmania NPL,League,"['2020', '2021']",AUS
616,649,Supreme Division Women,League,"['2020', '2021']",RUS
617,650,FNL 2 - Group 3,League,"['2020', '2021']",RUS
618,651,FNL 2 - Group 1,League,"['2020', '2021']",RUS
619,652,FNL 2 - Group 2,League,"['2020', '2021']",RUS
620,653,FNL 2 - Group 4,League,"['2020', '2021']",RUS
621,654,Super Cup,Cup,"['2020', '2021']",ARM
622,656,Super Cup,Cup,"['2020', '2021']",BUL
623,657,Cup,Cup,"['2020', '2021']",EST
624,658,Cup,Cup,"['2020', '2021']",LAT
625,659,Super Cup,Cup,"['2020', '2021']",ISR
626,660,WK-League,League,"['2020', '2021']",SOU
627,661,Cup,Cup,"['2020', '2021']",LIT
628,662,Copa por México,Cup,['2020'],MEX
629,663,Super Cup,Cup,"['2020', '2021']",RUS
630,666,Friendlies Women,Cup,"['2020', '2021', '2022']",WOR
631,667,Friendlies Clubs,Cup,"['2020', '2021']",WOR
632,668,1. Liga U19,League,"['2020', '2021']",CZE
633,669,1. Liga Women,League,"['2020', '2021']",CZE
634,670,Community Shield Women,Cup,['2020'],ENG
635,671,Úrvalsdeild Women,League,"['2020', '2021', '2022']",ICE
636,672,David Kipiani Cup,Cup,"['2020', '2021']",GEO
637,673,Liga MX Femenil,League,"['2020', '2021']",MEX
638,674,Cupa,Cup,"['2020', '2021']",MOL
639,675,U21 Divisie 1,League,"['2020', '2021']",NET
640,676,Central Youth League,League,"['2020', '2021']",POL
641,678,Super Cup,Cup,"['2020', '2021']",UKR
642,679,U21 League,League,['2020'],UKR
643,680,Cup,Cup,"['2020', '2021']",SLO
644,681,Campeonato de Portugal Prio - Group E,League,"['2020', '2021']",POR
645,682,Campeonato de Portugal Prio - Group F,League,"['2020', '2021']",POR
646,683,Campeonato de Portugal Prio - Group G,League,['2020'],POR
647,684,Campeonato de Portugal Prio - Group H,League,['2020'],POR
648,685,3. liga - CFL B,League,"['2020', '2021']",CZE
649,686,4. liga - Divizie F,League,"['2020', '2021']",CZE
650,687,Regionalliga - Tirol,League,"['2020', '2021']",AUS
651,688,Regionalliga - Salzburg,League,"['2020', '2021']",AUS
652,689,Third Amateur Division - ACFF A,League,"['2020', '2021']",BEL
653,690,Third Amateur Division - ACFF B,League,"['2020', '2021']",BEL
654,691,Provincial - Brabant ACFF,League,"['2020', '2021']",BEL
655,692,Primera División RFEF - Group 5,League,['2020'],SPA
656,693,Gamma Ethniki - Group 9,League,['2020'],GRE
657,694,Gamma Ethniki - Group 10,League,['2020'],GRE
658,695,U18 Premier League - North,League,"['2020', '2021']",ENG
659,696,U18 Premier League - South,League,"['2020', '2021']",ENG
660,697,WSL Cup,Cup,"['2020', '2021']",ENG
661,699,Women's Championship,League,"['2020', '2021']",ENG
662,700,Kakkosen Cup,Cup,"['2020', '2021']",FIN
663,701,Liga Revelação U23,League,"['2020', '2021']",POR
664,702,Premier League 2 Division One,League,"['2020', '2021']",ENG
665,703,Professional Development League,League,"['2020', '2021']",ENG
666,704,Coppa Italia Primavera,Cup,"['2020', '2021']",ITA
667,705,Campionato Primavera - 1,League,"['2020', '2021']",ITA
668,706,Campionato Primavera - 2,League,"['2020', '2021']",ITA
669,707,Cup,Cup,"['2020', '2021']",ALB
670,708,Super Cup,Cup,"['2020', '2021']",ALB
671,709,Cup,Cup,"['2020', '2021']",ARM
672,710,Nacional B,League,"['2020', '2021']",BOL
673,711,Segunda División,League,"['2020', '2021']",CHI
674,712,Liga Femenina,League,"['2020', '2021', '2022']",COL
675,713,Superliga,Cup,"['2020', '2021', '2022']",COL
676,715,DFB Junioren Pokal,Cup,"['2020', '2021']",GER
677,717,I-League - 2nd Division,League,"['2020', '2021']",IND
678,719,Super Cup,Cup,"['2020', '2021']",KUW
679,720,Emir Cup,Cup,"['2020', '2021']",KUW
680,721,Cup,Cup,"['2020', '2021']",LUX
681,722,Liga Premier Serie A,League,"['2020', '2021']",MEX
682,723,Cup,Cup,"['2020', '2021']",MON
683,724,U18 Divisie 1,League,"['2020', '2021']",NET
684,726,Sultan Cup,Cup,"['2020', '2021']",OMA
685,727,Super Cup,Cup,"['2020', '2021']",POL
686,728,Liga I Feminin,League,"['2020', '2021']",ROM
687,729,Coppa Titano,Cup,"['2020', '2021']",SAN
688,730,Football League - Highland League,League,"['2020', '2021']",SCO
689,731,Football League - Lowland League,League,"['2020', '2021']",SCO
690,732,Cup,Cup,"['2020', '2021']",SER
691,733,I Liga - Women,League,"['2020', '2021']",SLO
692,734,Diski Challenge,League,"['2020', '2021']",SOU
693,735,Copa Federacion,Cup,"['2020', '2021']",SPA
694,737,Svenska Cupen - Women,Cup,"['2020', '2021']",SWE
695,738,League Cup,Cup,"['2020', '2021']",WAL
696,739,Nationalliga A Women,League,"['2020', '2021']",SWI
697,740,CBF Brasileiro U20,Cup,"['2020', '2021']",BRA
698,741,Brasileiro de Aspirantes,Cup,"['2020', '2021']",BRA
699,742,Copa Paulista,Cup,"['2020', '2021']",BRA
700,744,Oberliga - Schleswig-Holstein,League,"['2020', '2021']",GER
701,745,Oberliga - Hamburg,League,"['2020', '2021']",GER
702,746,Oberliga - Mittelrhein,League,"['2020', '2021']",GER
703,747,Oberliga - Westfalen,League,"['2020', '2021']",GER
704,748,Oberliga - Niedersachsen,League,"['2020', '2021']",GER
705,749,Oberliga - Bremen,League,"['2020', '2021']",GER
706,750,Oberliga - Hessen,League,"['2020', '2021']",GER
707,751,Oberliga - Niederrhein,League,"['2020', '2021']",GER
708,752,Oberliga - Rheinland-Pfalz / Saar,League,"['2020', '2021']",GER
709,753,Oberliga - Baden-Württemberg,League,"['2020', '2021']",GER
710,754,Oberliga - Nordost-Nord,League,"['2020', '2021']",GER
711,755,Oberliga - Nordost-Süd,League,"['2020', '2021']",GER
712,756,Cup,Cup,"['2020', '2021']",MAC
713,757,Irish Cup,Cup,"['2020', '2021']",NOR
714,758,Premier Division,League,"['2020', '2021']",GIB
715,759,Liga Mayor,League,"['2020', '2021']",DOM
716,760,LFA First Division,League,"['2020', '2021']",LIB
717,761,Cup,Cup,"['2020', '2021']",LIE
718,762,Premier League,League,"['2020', '2021']",MAU
719,763,Mauritian League,League,['2020'],MAU
720,764,Premier League,League,"['2020', '2021', '2022']",MON
721,765,PFL,League,['2020'],PHI
722,767,CONCACAF League,Cup,"['2020', '2021']",WOR
723,771,COSAFA U20 Championship,Cup,['2020'],WOR
724,774,3. Division - Girone 1,League,"['2020', '2021', '2022']",NOR
725,775,3. Division - Girone 2,League,"['2020', '2021', '2022']",NOR
726,776,3. Division - Girone 3,League,"['2020', '2021', '2022']",NOR
727,777,3. Division - Girone 4,League,"['2020', '2021', '2022']",NOR
728,778,3. Division - Girone 5,League,"['2020', '2021', '2022']",NOR
729,779,3. Division - Girone 6,League,"['2020', '2021', '2022']",NOR
730,780,III Liga - Group 1,League,"['2020', '2021']",POL
731,475,Paulista - A1,League,"['2020', '2021', '2022']",BRA
732,476,Paulista - A2,League,"['2020', '2021', '2022']",BRA
733,477,Gaúcho - 1,League,"['2020', '2021', '2022']",BRA
734,478,Gaúcho - 2,League,"['2020', '2021']",BRA
735,479,Canadian Premier League,League,"['2020', '2021', '2022']",CAN
736,483,Copa de la Superliga,Cup,['2020'],ARG
737,500,FA Cup,Cup,['2020'],MAL
738,532,AFC U23 Championship,Cup,['2020'],WOR
739,536,CONCACAF Nations League,Cup,['2020'],WOR
740,538,Africa Cup of Nations U20,Cup,"['2020', '2021']",WOR
741,540,CONMEBOL Libertadores U20,Cup,"['2020', '2021']",WOR
742,541,CONMEBOL Recopa,Cup,"['2020', '2021', '2022']",WOR
743,542,Iraqi League,League,"['2020', '2021', '2021']",IRA
744,548,Super Cup,Cup,"['2020', '2021', '2022']",JAP
745,549,Damallsvenskan,League,"['2020', '2021', '2022']",SWE
746,781,III Liga - Group 2,League,"['2020', '2021']",POL
747,782,III Liga - Group 3,League,"['2020', '2021']",POL
748,783,III Liga - Group 4,League,"['2020', '2021']",POL
749,784,Liga III - Serie 1,League,['2020'],ROM
750,785,Liga III - Serie 2,League,['2020'],ROM
751,786,Liga III - Serie 3,League,['2020'],ROM
752,787,Liga III - Serie 4,League,['2020'],ROM
753,788,Liga III - Serie 5,League,['2020'],ROM
754,789,Liga III - Serie 6,League,['2020'],ROM
755,790,Liga III - Serie 7,League,['2020'],ROM
756,791,Liga III - Serie 8,League,['2020'],ROM
757,792,Liga III - Serie 9,League,['2020'],ROM
758,793,Liga III - Serie 10,League,['2020'],ROM
759,794,3. SNL - East,League,['2020'],SLO
760,795,3. SNL - West,League,['2020'],SLO
761,796,2. Liga Interregional - Group 1,League,"['2020', '2021']",SWI
762,797,2. Liga Interregional - Group 2,League,"['2020', '2021']",SWI
763,798,2. Liga Interregional - Group 3,League,"['2020', '2021']",SWI
764,799,2. Liga Interregional - Group 4,League,"['2020', '2021']",SWI
765,800,2. Liga Interregional - Group 5,League,"['2020', '2021']",SWI
766,801,2. Liga Interregional - Group 6,League,"['2020', '2021']",SWI
767,802,Cup,Cup,"['2020', '2021']",UZB
768,809,Super Cup,Cup,"['2020', '2021']",AND
769,810,Super Copa,Cup,['2020'],ARG
770,811,Federation Cup,Cup,"['2020', '2021']",BAN
771,813,Elite Two,League,['2020'],CAM
772,816,Shield Cup,Cup,"['2020', '2021']",JOR
773,817,Super Cup Primavera,Cup,"['2020', '2021']",ITA
774,819,Super Cup,Cup,"['2020', '2021']",KOS
775,820,Crown Prince Cup,Cup,"['2020', '2021']",KUW
776,821,FA Trophy,Cup,"['2020', '2021']",MAL
777,822,Cup,Cup,['2020'],MOR
778,828,Ligue 2,League,"['2020', '2021']",TUN
779,829,Youth League,League,['2020'],TUR
780,830,Super Cup,Cup,"['2020', '2021']",UZB
781,832,Coupe de la Ligue,Cup,['2020'],ALG
782,837,Rock Cup,Cup,"['2020', '2022']",GIB
783,838,Super Cup,Cup,['2020'],JOR
784,840,Taça Revelação U23,Cup,['2020'],POR
785,841,QFA Cup,Cup,['2020'],QAT
786,843,Copa Verde,Cup,"['2020', '2021']",BRA
787,844,Ligue 1,League,"['2020', '2021']",CON
788,845,GFA League,League,"['2020', '2021']",GAM
789,847,Premier League,League,"['2020', '2021']",ESW
790,849,Baltic Cup,Cup,['2020'],WOR
791,863,Cup,Cup,['2020'],JOR
792,881,Olympics Men - Qualification Concacaf,Cup,['2020'],WOR
793,882,Olympics Women - Qualification Asia,Cup,['2020'],WOR
794,885,Campeones Cup,Cup,['2020'],WOR
795,602,Baiano - 1,League,"['2020', '2021', '2022']",BRA
796,603,Paraibano,League,"['2020', '2021', '2022']",BRA
797,604,Catarinense - 1,League,"['2020', '2021', '2022']",BRA
798,605,Paulista - A3,League,"['2020', '2021', '2022']",BRA
799,606,Paranaense - 1,League,"['2020', '2021', '2022']",BRA
800,607,Roraimense,League,"['2020', '2021']",BRA
801,608,Maranhense,League,"['2020', '2021', '2022']",BRA
802,609,Cearense - 1,League,"['2020', '2021', '2022']",BRA
803,610,Brasiliense,League,"['2020', '2021', '2022']",BRA
804,611,Capixaba,League,"['2020', '2021', '2022']",BRA
805,612,Copa do Nordeste,Cup,"['2020', '2021', '2022']",BRA
806,614,Paranaense - 2,League,"['2020', '2021']",BRA
807,615,Rondoniense,League,"['2020', '2021', '2022']",BRA
808,616,Potiguar,League,"['2020', '2021', '2022']",BRA
809,617,Copa do Brasil U20,Cup,"['2020', '2021']",BRA
810,618,São Paulo Youth Cup,Cup,"['2020', '2022']",BRA
811,619,Mineiro - 2,League,"['2020', '2021']",BRA
812,621,Piauiense,League,"['2020', '2021', '2022']",BRA
813,622,Pernambucano - 1,League,"['2020', '2021', '2022']",BRA
814,623,Sul-Matogrossense,League,"['2020', '2021', '2022']",BRA
815,624,Carioca - 1,League,"['2020', '2021', '2022']",BRA
816,626,Sergipano,League,"['2020', '2021', '2022']",BRA
817,627,Paraense,League,"['2020', '2021', '2022']",BRA
818,628,Goiano - 1,League,"['2020', '2021', '2022']",BRA
819,629,Mineiro - 1,League,"['2020', '2021', '2022']",BRA
820,630,Matogrossense,League,"['2020', '2021', '2022']",BRA
821,631,Tocantinense,League,"['2020', '2021', '2022']",BRA
822,632,Supercopa do Brasil,Cup,"['2020', '2021', '2022']",BRA
823,636,Ýokary Liga,League,"['2020', '2021']",TUR
824,637,V.League 2,League,"['2020', '2021', '2022']",VIE
825,639,Super Cup,Cup,"['2020', '2021', '2022']",ICE
826,640,Naisten Liiga,League,"['2020', '2021']",FIN
827,641,NWSL Women - Challenge Cup,Cup,"['2020', '2021', '2022']",USA
828,643,3. liga - Bratislava,League,"['2020', '2021']",SLO
829,558,Supercopa,Cup,['2020'],PER
830,562,Reserve League,League,"['2020', '2021', '2022']",BEL
831,565,Liga Primera U20,League,"['2020', '2021', '2022']",NIC
832,36,Africa Cup of Nations - Qualification,Cup,['2021'],WOR
833,864,Supercopa,Cup,['2021'],COS
834,865,Liga 3,League,['2021'],POR
835,866,MLS All-Star,Cup,['2021'],USA
836,891,Coppa Italia Serie C,Cup,['2021'],ITA
837,868,Premier League,League,['2021'],PAK
838,869,CECAFA Club Cup,Cup,['2021'],WOR
839,870,Premier League,League,['2021'],CRI
840,871,Premier League Cup,Cup,['2021'],ENG
841,872,Liga Premier Serie B,League,['2021'],MEX
842,873,Thai Champions Cup,Cup,['2021'],THA
843,874,FFA Cup,Cup,['2021'],AUS
844,875,Segunda División RFEF - Group 1,League,['2021'],SPA
845,876,Segunda División RFEF - Group 2,League,['2021'],SPA
846,877,Segunda División RFEF - Group 3,League,['2021'],SPA
847,878,Segunda División RFEF - Group 4,League,['2021'],SPA
848,879,Segunda División RFEF - Group 5,League,['2021'],SPA
849,880,World Cup - Women - Qualification Europe,Cup,['2021'],WOR
850,883,Reserve League,League,['2021'],NET
851,884,Super Cup,Cup,['2021'],SAN
852,887,Second League - Group A,League,['2021'],EGY
853,888,Second League - Group B,League,['2021'],EGY
854,889,Second League - Group C,League,['2021'],EGY
855,890,U20 Elite League,Cup,['2021'],WOR
856,892,Coppa Italia Serie D,Cup,['2021'],ITA
857,867,Copa Paulino Alcantara,League,['2021'],PHI
858,895,League Cup,Cup,['2021'],EGY
859,896,Super Cup,League,['2021'],UNI
860,898,League Cup,Cup,['2021'],THA
861,902,Algarve Cup,Cup,['2021'],WOR
862,903,The Atlantic Cup,Cup,['2021'],WOR
863,905,Super Cup,Cup,['2021'],IRA
864,812,Super Cup,Cup,"['2021', '2022']",BEL
865,814,Reykjavik Cup,Cup,"['2021', '2022']",ICE
866,815,Fotbolti.net Cup A,Cup,"['2021', '2022']",ICE
867,818,Super Cup,Cup,"['2021', '2022']",KAZ
868,823,Nasjonal U19 Champions League,Cup,"['2021', '2022']",NOR
869,824,Emir Cup,Cup,"['2021', '2022']",QAT
870,825,Qatar Cup,Cup,['2021'],QAT
871,826,Super Cup,Cup,"['2021', '2022']",SAU
872,831,Super Cup,Cup,['2021'],VIE
873,833,Queensland Premier League,League,"['2021', '2022']",AUS
874,834,South Australia State League 1,League,"['2021', '2022']",AUS
875,835,New South Wales NPL 2,League,"['2021', '2022']",AUS
876,836,Victoria NPL 2,League,"['2021', '2022']",AUS
877,839,Super Cup,Cup,"['2021', '2022']",LIT
878,842,Super Copa,Cup,"['2021', '2022']",URU
879,846,Somali Premier League,League,['2021'],SOM
880,848,UEFA Europa Conference League,Cup,['2021'],WOR
881,851,Carioca A2,League,['2021'],BRA
882,852,Super Cup,Cup,['2021'],CYP
883,853,Supercopa de Ecuador,Cup,['2021'],ECU
884,854,WE League,League,['2021'],JAP
885,855,Dhivehi Premier League,League,"['2021', '2022']",MAL
886,856,CONCACAF Caribbean Club Championship,Cup,['2021'],WOR
887,857,Campeón de Campeones,Cup,['2021'],MEX
888,858,CONCACAF Gold Cup - Qualification,Cup,['2021'],WOR
889,859,COSAFA Cup,Cup,['2021'],WOR
890,860,Arab Cup,Cup,['2021'],WOR
891,861,U20 League,League,['2021'],MEX
892,862,3. Division,League,['2021'],DEN
893,725,Toppserien,League,"['2021', '2022']",NOR
894,736,Elitettan,League,"['2021', '2022']",SWE
895,743,UEFA Championship - Women,Cup,['2021'],WOR
896,886,UEFA U17 Championship - Qualification,Cup,['2022'],WOR
897,893,UEFA U19 Championship - Qualification,Cup,['2022'],WOR
898,894,Asian Cup Women - Qualification,Cup,['2022'],WOR
899,897,Asian Cup Women,Cup,['2022'],WOR
900,899,League Cup,Cup,['2022'],FIN
901,900,Tipsport Malta Cup,Cup,['2022'],WOR
902,901,Ykköscup,Cup,['2022'],FIN
903,904,SheBelieves Cup,Cup,['2022'],WOR
904,850,UEFA U21 Championship - Qualification,Cup,['2023'],WOR
